,Cycles,Instructions,IPC,Seconds,l1dAccesses,l1iAccesses,l2Accesses,l3Accesses
riscv-llvm-minisat-run,254465966,46382460,0.18227372693132565,0.002545,17843733,10089813,354719,210097
riscv-npb-cg-size-s-run,1334136368,400856590,0.30046148176061116,0.013341,117343521,8960374,6933523,6508871
riscv-npb-is-size-s-run,80482351,30539708,0.37945844797699807,0.000805,9393851,3546777,261101,26353
riscv-gapbs-bfs-run,55564283,13776955,0.24794623913350955,0.000603,2228499,2410835,43956,9013
riscv-npb-ft-size-s-run,2913990369,549685212,0.1886365918871024,0.029140,208400937,56312752,24070017,2888918
riscv-npb-lu-size-s-run,519828929,150021373,0.28859758399479146,0.005198,60725741,9678811,3827779,10421
riscv-npb-bt-size-s-run,468871216,422737420,0.9016066791355347,0.004689,193956452,26544691,1689025,9081
riscv-gapbs-tc-run,93869073,47909507,0.5103864933235253,0.000981,8961457,8146306,156478,11802
