,Cycles,Instructions,IPC,Seconds,l1dAccesses,l1iAccesses,l2Accesses,l3Accesses
riscv-npb-lu-size-s-run,98361696,150021327,1.5252006939774605,0.009836,60587477,9673225,3859938,10603
riscv-npb-bt-size-s-run,207998730,422737292,2.032403236308222,0.020800,193950558,26544074,1680175,9306
riscv-llvm-minisat-run,57599936,46382460,0.8052519363910404,0.005760,17715425,9779195,353840,209636
riscv-npb-is-size-s-run,30183211,30539773,1.0118132560515183,0.003018,9384290,3549468,261988,26903
riscv-npb-ft-size-s-run,391563688,549685219,1.4038207214965244,0.039156,208149475,55684731,26859645,2915611
riscv-gapbs-bfs-run,14066771,13785192,0.9799826840146897,0.001515,2224780,2411304,44608,9087
riscv-npb-cg-size-s-run,302308704,400856394,1.325983634265456,0.030231,117218513,8621059,6902457,6507085
riscv-gapbs-tc-run,34182952,47911034,1.4016060988530188,0.003551,8610160,7623892,151181,11821
