,Cycles,Instructions,IPC,Seconds
npb-mg,43836097,23681779,0.5402346609462061,0.010959
npb-bt,342530529,533827757,1.558482271809413,0.085633
gapbs-bfs,45156874450,20278281840,0.44906300728260434,11.306718
npb-cg,741323638,294503922,0.3972676802732682,0.185331
npb-is,67216916,31506900,0.46873468577463445,0.016804
npb-lu,125727987,162375890,1.2914856419358722,0.031432
npb-ft,860761466,598335539,0.6951235186915303,0.215190
minisat,42508330044,16267260060,0.3826840537645657,10.627083
