,Cycles,Instructions,IPC,Seconds
npb-is,66938342,31506868,0.4706849177710437,0.016735
npb-ft,784230848,598335705,0.7629586447994455,0.196058
npb-lu,124147677,162375878,1.3079252219918702,0.031037
minisat,42965516850,16267260060,0.37861199521448324,10.741379
gapbs-bfs,43929003624,20265657433,0.46132750031070907,10.982251
npb-cg,758846371,294503911,0.3880942470765272,0.189712
npb-mg,44470912,23681747,0.532522179891431,0.011118
npb-bt,339925144,533827781,1.5704274615237053,0.084981
