,Cycles,Instructions,IPC,Seconds
npb-lu,69326796,162375908,2.342181052186517,0.017332
minisat,16360765798,16267260060,0.9942847578680314,4.090191
npb-ft,371508787,598335781,1.610556201999066,0.092877
npb-is,24554234,31507211,1.2831681493301725,0.006139
npb-bt,235341044,533827746,2.268315534454755,0.058835
npb-mg,16355399,23681848,1.4479529359081977,0.004089
npb-cg,203678709,294504193,1.4459252734167714,0.050920
gapbs-bfs,16322094660,20308113312,1.2442099947973222,4.080524
