,Cycles,Instructions,IPC,Seconds,l1dAccesses,l1iAccesses,l2Accesses,l3Accesses
riscv-npb-cg-size-s-run,892718820,400856780,0.44902915791559095,0.008927,117195515,8546046,6921516,6505109
riscv-llvm-minisat-run,190685018,46382460,0.24324123880566223,0.001907,17667352,9717138,355540,210757
riscv-gapbs-tc-run,57431970,47913659,0.8342680740361161,0.000594,8646811,7339289,114361,11844
riscv-npb-bt-size-s-run,209758628,422737885,2.015353976285543,0.002098,193953951,26547489,1673657,9309
riscv-gapbs-bfs-run,34120281,13779071,0.4038381454126946,0.000355,2223934,2410312,43577,9102
riscv-npb-lu-size-s-run,97382878,150021556,1.5405331931142967,0.000974,60762415,9666369,3809137,10492
riscv-npb-ft-size-s-run,703004820,549685535,0.7819086290190728,0.007030,208011691,55386410,26347085,2915885
riscv-npb-is-size-s-run,55281803,30539702,0.5524367937131138,0.000553,9384902,3546699,261284,26150
