,Cycles,Instructions,IPC,Seconds,l1dAccesses,l1iAccesses,l2Accesses,l3Accesses
riscv-gapbs-tc-run,41226276,47908877,1.1620956741278305,0.000850,8470327,7449443,115922,11847
riscv-llvm-minisat-run,91569320,46382460,0.5065283874555364,0.001831,17558033,9537278,352199,208550
riscv-npb-lu-size-s-run,86511630,150021598,1.7341205800884807,0.001730,60761533,9666207,3812415,10490
riscv-npb-bt-size-s-run,201309430,422737353,2.0999381549090868,0.004026,193953508,26547215,1673562,9302
riscv-gapbs-bfs-run,21053604,13773464,0.6542093220714135,0.000440,2220945,2404983,43795,9070
riscv-npb-is-size-s-run,38485055,30539663,0.7935460401446743,0.000770,9384497,3546567,261487,26839
riscv-npb-ft-size-s-run,366462172,549685546,1.499978955535962,0.007329,207978397,55061369,26217365,2915982
riscv-npb-cg-size-s-run,247275722,400856916,1.621092894837448,0.004946,117165802,8435676,6893821,6501930
