,Cycles,Instructions,IPC,Seconds,l1dAccesses,l1iAccesses,l2Accesses,l3Accesses,l1dmisses,l1imisses,l2misses,l3misses,l1dhits,l1ihits,l2hits,l3hits,lsqFullEvents
riscv-npb-is-size-s-run,175821102,30539825,0.17369829134616618,0.003516,9661860,3285411,261092,26047,363575,861,25481,9335,9298285,3284550,235611,16712,1360545
riscv-npb-ft-size-s-run,2165675369,549685243,0.25381700824986386,0.043314,208141034,54148650,26413670,2905857,57768687,4809,2711321,167000,150372347,54143841,23702349,2738857,65153825
riscv-gapbs-bfs-run,83331533,13776484,0.16532137960308493,0.001764,3755413,2196998,88372,8991,117718,4221,64342,8673,3637695,2192777,24030,318,13145893
riscv-npb-lu-size-s-run,426412029,150021375,0.3518225678384884,0.008528,61218845,9601302,3838803,10377,10951396,8122,9651,9462,50267449,9593180,3829152,915,54109334
riscv-npb-bt-size-s-run,997216194,422737323,0.4239174268764432,0.019944,195135313,26407733,1676092,9105,3703948,14815,8769,8760,191431365,26392918,1667323,345,21073000
riscv-llvm-minisat-run,317118890,46382460,0.14626205332643538,0.006342,17258804,8230637,353675,209429,847174,1378,198956,53678,16411630,8229259,154719,155751,20872904
riscv-gapbs-tc-run,224969318,47919166,0.21300311716284795,0.004624,18128073,10775381,242112,11631,527083,10015,95613,10809,17600990,10765366,146499,822,13394627
riscv-npb-cg-size-s-run,1136482016,400856388,0.35271687748378766,0.022730,117758114,8557473,6895864,6500064,13116645,7026,6357537,21192,104641469,8550447,538327,6478872,333494955
