,Cycles,Instructions,IPC,Seconds,l1dAccesses,l1iAccesses,l2Accesses,l3Accesses
riscv-npb-cg-size-s-run,2147422791,400856392,0.18666859347866538,0.021474,117810683,8605098,6915804,6499475
riscv-npb-ft-size-s-run,4281997038,549685141,0.12837121000362542,0.042820,208142875,54149556,26328720,2906953
riscv-gapbs-bfs-run,159734053,13774856,0.08623618909863885,0.001692,2446277,1939170,43461,9003
riscv-npb-is-size-s-run,331147364,30539824,0.09222427027986248,0.003311,9661809,3285508,261088,26068
riscv-npb-bt-size-s-run,1977283918,422737282,0.213796955587235,0.019773,195132754,26409691,1673728,9038
riscv-gapbs-tc-run,433567904,47904119,0.1104881578134529,0.004455,10199176,6027855,128261,11649
riscv-llvm-minisat-run,621481451,46382460,0.0746320906687849,0.006215,17261478,8235649,354316,209817
riscv-npb-lu-size-s-run,844795730,150021389,0.17758303418508045,0.008448,61267266,9602081,3819449,10373
