,Cycles,Instructions,IPC,Seconds,l1dAccesses,l1iAccesses,l2Accesses,l3Accesses
riscv-npb-lu-size-s-run,182122532,150021340,0.8237384927198355,0.009106,61028720,9607541,3867263,10478
riscv-gapbs-tc-run,93382885,47905126,0.5129968516179383,0.004813,9238042,6007500,123185,11677
riscv-npb-bt-size-s-run,409163350,422737268,1.0331748139221169,0.020458,194718810,26435538,1676722,9143
riscv-gapbs-bfs-run,34821520,13772820,0.39552609995198373,0.001853,2348997,2010050,44017,9033
riscv-npb-is-size-s-run,68410264,30539793,0.4464212124660124,0.003421,10185994,3285547,261004,26258
riscv-llvm-minisat-run,132039224,46382460,0.3512778899700289,0.006602,17544603,8366080,352948,209095
riscv-npb-ft-size-s-run,888376790,549685213,0.6187523348060455,0.044419,207878036,54181947,26788765,2909113
riscv-npb-cg-size-s-run,511142182,400856379,0.7842365453610713,0.025557,118490810,8554884,6890740,6499333
